1,23.5589755,119.611031,澎湖縣政府警察局,馬公分局
2,23.5981928,119.5902725,澎湖縣政府警察局,馬公分局
3,23.598193,119.6350877,澎湖縣政府警察局,馬公分局
4,23.6314323,119.514971,澎湖縣政府警察局,白沙分局
5,24.9463726,121.0463111,新竹縣政府警察局,竹北分局
6,24.9191180803,121.04901168,新竹縣政府警察局,竹北分局
7,24.848006,121.0224526,新竹縣政府警察局,竹北分局
8,24.7784213303,121.03293663,新竹縣政府警察局,竹東分局
9,24.7392306803,121.09857018,新竹縣政府警察局,竹東分局
10,24.7222531,121.1056846,新竹縣政府警察局,竹東分局
11,24.7671557,121.0563313,新竹縣政府警察局,竹東分局
12,24.7725163303,121.05530318,新竹縣政府警察局,竹東分局
13,24.8124216,121.2215293,新竹縣政府警察局,新埔分局
14,24.740273,121.09150853,新竹縣政府警察局,新埔分局
15,24.7658722,121.0968349,新竹縣政府警察局,橫山分局
16,24.7655159803,121.75610898,宜蘭縣政府警察局,宜蘭分局
17,24.7394045803,121.75384898,宜蘭縣政府警察局,宜蘭分局
18,24.7524509803,121.76097698,宜蘭縣政府警察局,宜蘭分局
19,24.7556723803,121.75557288,宜蘭縣政府警察局,宜蘭分局
20,24.7418787,121.759256,宜蘭縣政府警察局,宜蘭分局
21,24.6863198803,121.75134988,宜蘭縣政府警察局,羅東分局
22,24.7184761,121.8449669,宜蘭縣政府警察局,羅東分局
23,24.6792769803,121.77597798,宜蘭縣政府警察局,羅東分局
24,24.6794359803,121.77191598,宜蘭縣政府警察局,羅東分局
25,24.8603239803,121.82390398,宜蘭縣政府警察局,礁溪分局
26,24.9884546,121.9659194,宜蘭縣政府警察局,礁溪分局
27,24.841321,121.7665974,宜蘭縣政府警察局,礁溪分局
28,24.5965789803,121.85278898,宜蘭縣政府警察局,蘇澳分局
29,24.6550935,121.8858609,宜蘭縣政府警察局,蘇澳分局
30,24.6550935,121.8858609,宜蘭縣政府警察局,蘇澳分局
31,24.644482,121.8472514,宜蘭縣政府警察局,蘇澳分局
32,24.3367946303,121.76976773,宜蘭縣政府警察局,蘇澳分局
33,24.7224831,121.765848,宜蘭縣政府警察局,三星分局
34,24.6938243,121.8259691,宜蘭縣政府警察局,三星分局
35,24.9884546,121.9659194,宜蘭縣政府警察局,三星分局
36,22.7661421,121.1523617,臺東縣警察局,臺東分局
37,22.8196437,121.2005977,臺東縣警察局,臺東分局
38,22.7766332,121.1518541,臺東縣警察局,臺東分局
39,23.2579916,121.0026444,臺東縣警察局,關山分局
40,23.1592541,121.2299465,臺東縣警察局,關山分局
41,23.443723,121.6012252,臺東縣警察局,成功分局
42,23.3208322803,121.45471058,臺東縣警察局,成功分局
43,22.6036808803,120.99882783,臺東縣警察局,大武分局
44,22.3596986,120.9071662,臺東縣警察局,大武分局
45,23.7054763,120.5320779,雲林縣警察局,斗六分局
46,23.7599526,120.6480833,雲林縣警察局,斗六分局
47,23.7180682303,120.5586049,雲林縣警察局,斗六分局
48,23.6941741,120.538183,雲林縣警察局,斗六分局
49,23.680888, 120.430851,雲林縣警察局,斗南分局
50,23.6929218,120.4742974,雲林縣警察局,斗南分局
51,23.6411369303,120.47239198,雲林縣警察局,斗南分局
52,23.6795316,120.4744678,雲林縣警察局,斗南分局
53,23.6387736,120.3932701,雲林縣警察局,斗南分局
54,23.6054429,120.6200879,雲林縣警察局,斗南分局
55,23.7202509,120.4436365,雲林縣警察局,虎尾分局
56,23.7084284,120.4312322,雲林縣警察局,虎尾分局
57,23.7469929,120.5033306,雲林縣警察局,虎尾分局
58,23.7951298,120.467833,雲林縣警察局,西螺分局
59,23.5721595,120.30068578,雲林縣警察局,北港分局
60,23.6336356,120.2777474,雲林縣警察局,北港分局
61,23.550211,120.1966281,雲林縣警察局,北港分局
62,23.7023794,120.282221,雲林縣警察局,臺西分局
63,25.1293162,121.7403135,基隆市警察局,第一分局
64,25.1220849803,121.74344108,基隆市警察局,第一分局
65,25.1281042,121.75206108,基隆市警察局,第一分局
66,25.1434968,121.7900174,基隆市警察局,第二分局
67,25.1390642803,121.75204093,基隆市警察局,第二分局
68,25.1509372,121.7723587,基隆市警察局,第二分局
69,25.141928, 121.760535,基隆市警察局,第二分局
70,25.1617895803,121.76524448,基隆市警察局,第二分局
71,25.1313963,121.7578879,基隆市警察局,第二分局
72,25.1358689,121.77633,基隆市警察局,第二分局
73,25.1387485803,121.7770435,基隆市警察局,第二分局
74,25.0951927,121.723829,基隆市警察局,第三分局
75,25.0832399803,121.69820328,基隆市警察局,第三分局
76,25.1043051303,121.72722588,基隆市警察局,第三分局
77,25.0997763803,121.75523248,基隆市警察局,第三分局
78,25.0888965803,121.67089628,基隆市警察局,第三分局
79,25.1286932803,121.72337298,基隆市警察局,第四分局
80,25.1306644803,121.73660158,基隆市警察局,第四分局
81,25.1595411,121.7103283,基隆市警察局,第四分局
82,25.1514066803,121.72905278,基隆市警察局,第四分局
83,25.1366720803,121.73511648,基隆市警察局,第四分局
84,22.6371818803,120.28015668,高雄市政府警察局,鼓山分局
85,22.7969797,120.30266083,高雄市政府警察局,岡山分局
86,22.7918752803,120.30941073,高雄市政府警察局,岡山分局
87,22.6741543,120.3087622,高雄市政府警察局,鼓山分局
88,22.9106944303,120.2267893,高雄市政府警察局,湖內分局
89,22.5378817,120.4274678,高雄市政府警察局,林園分局
90,22.6468418303,120.4194141,高雄市政府警察局,仁武分局
91,22.7294917803,120.30449008,高雄市政府警察局,楠梓分局
92,22.6234303,120.3263784,高雄市政府警察局,前鎮分局
93,22.6369316303,120.3998411,高雄市政府警察局,林園分局
94,22.6822088803,120.35600178,高雄市政府警察局,仁武分局
95,22.6749519303,120.35744378,高雄市政府警察局,仁武分局
96,22.6352873803,120.34444393,高雄市政府警察局,苓雅分局
97,22.8956069803,120.48352983,高雄市政府警察局,旗山分局
98,22.6484705803,120.36373778,高雄市政府警察局,仁武分局
99,22.6254827803,120.30392558,高雄市政府警察局,新興分局
100,22.5744632303,120.4328669,高雄市政府警察局,林園分局
101,22.666079,120.3162862,高雄市政府警察局,鼓山分局
102,22.6410177,120.413809,高雄市政府警察局,林園分局
103,22.6120902,120.4194829,高雄市政府警察局,林園分局
104,22.6394311,120.39348898,高雄市政府警察局,林園分局
105,23.4717267,121.0490147,高雄市政府警察局,仁武分局
106,22.6382544,120.4018557,高雄市政府警察局,林園分局
107,22.8621328,120.2613393,高雄市政府警察局,湖內分局
108,22.9023437803,120.2378803,高雄市政府警察局,湖內分局
109,22.7919006803,120.2912513,高雄市政府警察局,岡山分局
110,22.6426649803,120.32012003,高雄市政府警察局,三民二分局
111,22.61635,120.311957,高雄市政府警察局,前鎮分局
112,22.5907925303,120.33338433,高雄市政府警察局,鳳山分局
113,22.6320929803,120.31296698,高雄市政府警察局,新興分局
114,22.731893,120.3282715,高雄市政府警察局,楠梓分局
115,22.6370419303,120.30244708,高雄市政府警察局,新興分局
116,22.6703488,120.3191403,高雄市政府警察局,三民二分局
117,22.6453832,120.4371146,高雄市政府警察局,林園分局
118,22.6336388303,120.32477283,高雄市政府警察局,苓雅分局
119,22.6385307,120.3455786,高雄市政府警察局,苓雅分局
120,22.6342852803,120.30438428,高雄市政府警察局,新興分局
121,22.6273165,120.3014759,高雄市政府警察局,新興分局
122,22.630828,120.31006798,高雄市政府警察局,新興分局
123,22.6385307,120.3455786,高雄市政府警察局,苓雅分局
124,22.6681590803,120.29180398,高雄市政府警察局,鼓山分局
125,22.7111848803,120.29565488,高雄市政府警察局,楠梓分局
126,22.5148066803,120.40439828,高雄市政府警察局,林園分局
127,22.6244233303,120.3571128,高雄市政府警察局,鳳山分局
128,22.6576895303,120.33788693,高雄市政府警察局,仁武分局
129,22.6519104,120.30659798,高雄市政府警察局,三民一分局
130,22.6452858303,120.3179813,高雄市政府警察局,三民二分局
131,22.879171,120.496098,高雄市政府警察局,旗山分局
132,22.5018736303,120.4002103,高雄市政府警察局,林園分局
133,22.7239028803,120.2912138,高雄市政府警察局,楠梓分局
134,22.618196,120.31889263,高雄市政府警察局,前鎮分局
135,22.6199994,120.3072892,高雄市政府警察局,苓雅分局
136,22.5133645,120.3911309,高雄市政府警察局,林園分局
137,22.6368698,120.3271766,高雄市政府警察局,苓雅分局
138,22.5695342803,120.3583945,高雄市政府警察局,小港分局
139,22.7349903,120.293036,高雄市政府警察局,楠梓分局
140,23.4717267,121.0490147,高雄市政府警察局,苓雅分局
141,22.656351, 120.286456,,高雄市政府警察局,鼓山分局
142,23.3585396,120.2985973,臺南市政府警察局,新營分局
143,23.382701, 120.391488,臺南市政府警察局,白河分局
144,23.180107, 120.247973,臺南市政府警察局,麻豆分局
145,23.1354197,120.1328195,臺南市政府警察局,佳里分局
146,23.1216229,120.1665975,臺南市政府警察局,佳里分局
147,23.216918,120.08451000000002,臺南市政府警察局,學甲分局
148,23.0752008,120.3244527,臺南市政府警察局,善化分局
149,23.1257086,120.261867,臺南市政府警察局,善化分局
150,23.0401360803,120.31684298,臺南市政府警察局,新化分局
151,23.0376153803,120.31493073,臺南市政府警察局,新化分局
152,22.9672448,120.29147138,臺南市政府警察局,歸仁分局
153,23.1062386,120.5204518,臺南市政府警察局,玉井分局
154,23.0173416803,120.2628847,臺南市政府警察局,永康分局
155,23.0039843803,120.23653803,臺南市政府警察局,永康分局
156,22.9988140803,120.21371438,臺南市政府警察局,第一分局
157,23.0000870803,120.20136028,臺南市政府警察局,第二分局
158,22.9971685803,120.20832943,臺南市政府警察局,第二分局
159,23.0699509803,120.21804898,臺南市政府警察局,第三分局
160,23.0056434,120.1870781,臺南市政府警察局,第四分局
161,23.0229491,120.2330413,臺南市政府警察局,第五分局
162,23.0109840803,120.18779978,臺南市政府警察局,第五分局
163,22.9692974803,120.19135398,臺南市政府警察局,第六分局
164,22.9830280803,120.19773198,臺南市政府警察局,第六分局
165,23.4643056303,120.451036,嘉義市政府警察局,第一分局
166,23.4913140303,120.4635723,嘉義市政府警察局,第二分局
167,23.475192,120.4715303,嘉義市政府警察局,第二分局
168,23.4745044,120.4645595,嘉義市政府警察局,第二分局
169,25.0633998,121.51118103,臺北市政府警察局,大同分局
170,25.0592517803,121.53439958,臺北市政府警察局,中山分局
171,25.0451051,121.55858388,臺北市政府警察局,大安分局
172,25.2103038,121.6659421,臺北市政府警察局,中正一分局
173,25.0499358,121.537079,臺北市政府警察局,中正一分局
174,22.6103561803,120.56504343,屏東縣政府警察局,內埔分局
175,22.6254397,120.6791228,屏東縣政府警察局,內埔分局
176,22.6021626,120.5611698,屏東縣政府警察局,內埔分局
177,22.6160308,120.571264,屏東縣政府警察局,內埔分局
178,22.6698479803,120.60044288,屏東縣政府警察局,內埔分局
179,22.61545,120.56699648,屏東縣政府警察局,內埔分局
180,22.5917109,120.628365,屏東縣政府警察局,內埔分局
181,22.7557157,120.50246338,屏東縣政府警察局,里港分局
182,22.7538374303,120.5816536,屏東縣政府警察局,里港分局
183,22.72059,120.661029,屏東縣政府警察局,里港分局
184,22.8595055,120.6795401,屏東縣政府警察局,里港分局
185,22.7898019,120.622344,屏東縣政府警察局,里港分局
186,22.8090109,120.5249465,屏東縣政府警察局,里港分局
187,22.72059,120.661029,屏東縣政府警察局,里港分局
188,22.7372798303,120.5607751,屏東縣政府警察局,里港分局
189,22.7144221303,120.4812841,屏東縣政府警察局,里港分局
190,22.8311946303,120.58531213,屏東縣政府警察局,里港分局
191,22.7628255803,120.4961722,屏東縣政府警察局,里港分局
192,22.7522087,120.640063,屏東縣政府警察局,里港分局
193,22.8301806,120.533976,屏東縣政府警察局,里港分局
194,22.8102394,120.5906876,屏東縣政府警察局,里港分局
195,22.7517961,120.4948744,屏東縣政府警察局,里港分局
196,22.8121345803,120.5980035,屏東縣政府警察局,里港分局
197,22.7681635,120.4934231,屏東縣政府警察局,里港分局
198,22.7233997,120.48966728,屏東縣政府警察局,里港分局
199,22.7741465,120.4978744,屏東縣政府警察局,里港分局
200,22.7779573,120.5078987,屏東縣政府警察局,里港分局
201,22.7433843,120.5687884,屏東縣政府警察局,里港分局
202,22.2127683,120.7211884,屏東縣政府警察局,枋寮分局
203,22.4075869803,120.5837849,屏東縣政府警察局,枋寮分局
204,22.4541748,120.5457134,屏東縣政府警察局,枋寮分局
205,22.4547656803,120.45387338,屏東縣政府警察局,東港分局
206,22.5094135,120.4607836,屏東縣政府警察局,東港分局
207,22.4835091,120.4429853,屏東縣政府警察局,東港分局
208,22.4681101303,120.44840108,屏東縣政府警察局,東港分局
209,22.4710054803,120.45813528,屏東縣政府警察局,東港分局
210,22.4897621,120.5234204,屏東縣政府警察局,東港分局
211,22.526954,120.4527884,屏東縣政府警察局,東港分局
212,22.5374202,120.4705438,屏東縣政府警察局,東港分局
213,22.4856285,120.4805511,屏東縣政府警察局,東港分局
214,22.4897621,120.5234204,屏東縣政府警察局,東港分局
215,22.4671988,120.4631708,屏東縣政府警察局,東港分局
216,22.6709449803,120.48759368,屏東縣政府警察局,屏東分局
217,22.6715509803,120.49094638,屏東縣政府警察局,屏東分局
218,22.662674,120.5150324,屏東縣政府警察局,屏東分局
219,22.5948805,120.49243098,屏東縣政府警察局,屏東分局
220,22.6721220803,120.4895212,屏東縣政府警察局,屏東分局
221,22.6668983303,120.4887308,屏東縣政府警察局,屏東分局
222,22.6774779303,120.5095571,屏東縣政府警察局,屏東分局
223,22.6719109,120.47495983,屏東縣政府警察局,屏東分局
224,22.5743492,120.4798548,屏東縣政府警察局,屏東分局
225,22.6742184303,120.5091744,屏東縣政府警察局,屏東分局
226,22.6172261303,120.47348598,屏東縣政府警察局,屏東分局
227,22.7040388,120.5018174,屏東縣政府警察局,屏東分局
228,22.6705341803,120.47450908,屏東縣政府警察局,屏東分局
229,22.6866291803,120.4851305,屏東縣政府警察局,屏東分局
230,22.6873290303,120.49568623,屏東縣政府警察局,屏東分局
231,22.6519935,120.5252533,屏東縣政府警察局,屏東分局
232,22.6556049,120.48741898,屏東縣政府警察局,屏東分局
233,22.5839733,120.4892353,屏東縣政府警察局,屏東分局
234,22.6633694803,120.51331328,屏東縣政府警察局,屏東分局
235,22.7085889303,120.58079,屏東縣政府警察局,屏東分局
236,22.6687243,120.47425373,屏東縣政府警察局,屏東分局
237,22.6809757803,120.4795246,屏東縣政府警察局,屏東分局
238,22.6828558303,120.48636373,屏東縣政府警察局,屏東分局
239,22.7138286,120.5285221,屏東縣政府警察局,屏東分局
240,22.7138286,120.5285221,屏東縣政府警察局,屏東分局
241,22.6598607,120.5569168,屏東縣政府警察局,屏東分局
242,22.6750103,120.5059267,屏東縣政府警察局,屏東分局
243,22.7138286,120.5285221,屏東縣政府警察局,屏東分局
244,22.6873322803,120.4944462,屏東縣政府警察局,屏東分局
245,22.6600410303,120.4765438,屏東縣政府警察局,屏東分局
246,22.6699036303,120.4891504,屏東縣政府警察局,屏東分局
247,22.6277814803,120.50631823,屏東縣政府警察局,屏東分局
248,22.663379,120.4730469,屏東縣政府警察局,屏東分局
249,22.5957629,120.49068888,屏東縣政府警察局,屏東分局
250,22.6713816,120.47300453,屏東縣政府警察局,屏東分局
251,22.66041,120.5113004,屏東縣政府警察局,屏東分局
252,22.68092,120.47951943,屏東縣政府警察局,屏東分局
253,22.5628639,120.48756843,屏東縣政府警察局,屏東分局
254,22.687344,120.48224428,屏東縣政府警察局,屏東分局
255,22.6612225803,120.51249668,屏東縣政府警察局,屏東分局
256,22.6554354,120.4764012,屏東縣政府警察局,屏東分局
257,22.7138286,120.5285221,屏東縣政府警察局,屏東分局
258,22.6002944,120.469984,屏東縣政府警察局,屏東分局
259,22.6862255,120.48653033,屏東縣政府警察局,屏東分局
260,22.6855651303,120.4927385,屏東縣政府警察局,屏東分局
261,22.7452888303,120.48839308,屏東縣政府警察局,屏東分局
262,22.7138286,120.5285221,屏東縣政府警察局,屏東分局
263,22.6734369303,120.4950863,屏東縣政府警察局,屏東分局
264,22.6614821,120.4817472,屏東縣政府警察局,屏東分局
265,22.6653526,120.47971568,屏東縣政府警察局,屏東分局
266,22.0005013,120.7499351,屏東縣政府警察局,恆春分局
267,21.9844871,120.7768756,屏東縣政府警察局,恆春分局
268,22.0762468803,120.8279313,屏東縣政府警察局,恆春分局
269,22.0552953,120.7113537,屏東縣政府警察局,恆春分局
270,21.9999169,120.7339502,屏東縣政府警察局,恆春分局
271,21.9789361,120.8663224,屏東縣政府警察局,恆春分局
272,21.9508925,120.8080305,屏東縣政府警察局,恆春分局
273,21.9854398303,120.7549368,屏東縣政府警察局,恆春分局
274,21.9357219803,120.84709798,屏東縣政府警察局,恆春分局
275,22.6078332,120.53666363,屏東縣政府警察局,潮州分局
276,22.562579,120.54170068,屏東縣政府警察局,潮州分局
277,22.5468127803,120.5366419,屏東縣政府警察局,潮州分局
278,22.5733828,120.5439941,屏東縣政府警察局,潮州分局
279,22.5533252303,120.54438973,屏東縣政府警察局,潮州分局
280,22.5603994803,120.5400823,屏東縣政府警察局,潮州分局
281,22.4654481303,120.6152371,屏東縣政府警察局,潮州分局
282,22.5486240803,120.53903648,屏東縣政府警察局,潮州分局
283,22.5576666803,120.54556953,屏東縣政府警察局,潮州分局
284,22.5517619803,120.5554391,屏東縣政府警察局,潮州分局
285,22.559422,120.5490665,屏東縣政府警察局,潮州分局
286,22.5004235,120.5640274,屏東縣政府警察局,潮州分局
287,22.5469835303,120.545629,屏東縣政府警察局,潮州分局
288,22.5468411,120.53373243,屏東縣政府警察局,潮州分局
289,22.4711220303,120.55117988,屏東縣政府警察局,潮州分局
290,22.5890591,120.553373,屏東縣政府警察局,潮州分局
291,22.5539789803,120.5364196,屏東縣政府警察局,潮州分局
292,22.5717086,120.5198327,屏東縣政府警察局,潮州分局
293,22.5556668,120.5399678,屏東縣政府警察局,潮州分局
294,22.5465978803,120.54642263,屏東縣政府警察局,潮州分局
295,22.5431618303,120.5352723,屏東縣政府警察局,潮州分局
296,22.5407055803,120.54508943,屏東縣政府警察局,潮州分局
297,22.5472409,120.5423414,屏東縣政府警察局,潮州分局
298,22.4967764,120.551519,屏東縣政府警察局,潮州分局
299,22.5827693,120.5344932,屏東縣政府警察局,潮州分局
300,22.5407667,120.5452109,屏東縣政府警察局,潮州分局
301,22.5584600303,120.54033098,屏東縣政府警察局,潮州分局
302,24.0247759,120.5387922,彰化縣警察局,彰化分局
303,24.0373321,120.55026313,彰化縣警察局,彰化分局
304,24.0459966,120.6243074,彰化縣警察局,彰化分局
305,24.0325304303,120.6117519,彰化縣警察局,彰化分局
306,24.0141055,120.6707351,彰化縣警察局,彰化分局
307,24.085815,120.5923896,彰化縣警察局,彰化分局
308,24.0880388,120.53784443,彰化縣警察局,彰化分局
309,24.0873678,120.56419483,彰化縣警察局,彰化分局
310,24.0845774303,120.50959828,彰化縣警察局,和美分局
311,24.1125048,120.4971631,彰化縣警察局,和美分局
312,24.1306,120.48584,彰化縣警察局,和美分局
313,23.9941229,120.565334,彰化縣警察局,員林分局
314,23.9275471,120.5529688,彰化縣警察局,員林分局
315,23.9696811,120.60247388,彰化縣警察局,員林分局
316,23.9679809,120.5866971,彰化縣警察局,員林分局
317,23.9621609,120.57128,彰化縣警察局,員林分局
318,23.9568046303,120.5893945,彰化縣警察局,員林分局
319,24.0154184,120.4638037,彰化縣警察局,溪湖分局
320,23.9538439303,120.5511057,彰化縣警察局,溪湖分局
321,23.8799482,120.60629363,彰化縣警察局,田中分局
322,23.8543497803,120.60399488,彰化縣警察局,田中分局
323,23.8651497,120.5986941,彰化縣警察局,田中分局
324,23.9912743,120.3593202,彰化縣警察局,芳苑分局
325,24.1636034,120.6824983,臺中市政府警察局,第一分局
326,24.1482219,120.6860935,臺中市政府警察局,第一分局
327,24.1557037,120.6815608,臺中市政府警察局,第二分局
328,24.1603059803,120.69267418,臺中市政府警察局,第二分局
329,24.1496212803,120.68485728,臺中市政府警察局,第二分局
330,24.1662648803,120.67356838,臺中市政府警察局,第二分局
331,24.1739834,120.7045623,臺中市政府警察局,第二分局
332,24.1400574,120.6900277,臺中市政府警察局,第三分局
333,24.1459224,120.7028814,臺中市政府警察局,第三分局
334,24.1355153,120.6854144,臺中市政府警察局,第三分局
335,24.1314626,120.661716,臺中市政府警察局,第三分局
336,24.1536752,120.64368098,臺中市政府警察局,第四分局
337,24.1503539,120.64402688,臺中市政府警察局,第四分局
338,24.1366875,120.65104718,臺中市政府警察局,第四分局
339,24.171036,120.6551521,臺中市政府警察局,第四分局
340,24.171036,120.6551521,臺中市政府警察局,第四分局
341,24.171036,120.6551521,臺中市政府警察局,第四分局
342,24.1870893,120.703596,臺中市政府警察局,第五分局
343,24.1775796803,120.69695388,臺中市政府警察局,第五分局
344,24.1775697303,120.6892727,臺中市政府警察局,第五分局
345,24.1861423,120.6706635,臺中市政府警察局,第五分局
346,24.1600805,120.7380989,臺中市政府警察局,第五分局
347,24.1761229,120.63737908,臺中市政府警察局,第六分局
348,24.182794,120.6502424,臺中市政府警察局,第六分局
349,24.2663972803,120.74875248,臺中市政府警察局,豐原分局
350,24.2231250803,120.72544243,臺中市政府警察局,豐原分局
351,24.2152270803,120.71233123,臺中市政府警察局,豐原分局
352,24.2559144,120.7287694,臺中市政府警察局,豐原分局
353,24.2836617,120.7748441,臺中市政府警察局,豐原分局
354,24.2836617,120.7748441,臺中市政府警察局,豐原分局
355,24.2836617,120.7748441,臺中市政府警察局,豐原分局
356,24.2836617,120.7748441,臺中市政府警察局,豐原分局
357,24.2690483,120.6791514,臺中市政府警察局,豐原分局
358,24.2805904,120.6723254,臺中市政府警察局,豐原分局
359,24.2368055,120.7536884,臺中市政府警察局,豐原分局
360,24.2982417,120.7140077,臺中市政府警察局,豐原分局
361,24.2168661,120.70239248,臺中市政府警察局,豐原分局
362,24.2239859803,120.67092698,臺中市政府警察局,豐原分局
363,24.1214753,120.6908449,臺中市政府警察局,霧峰分局
364,24.1249699,120.741504,臺中市政府警察局,霧峰分局
365,24.1166036,120.682637,臺中市政府警察局,霧峰分局
366,24.1385819,120.6633005,臺中市政府警察局,烏日分局
367,24.0721948,120.6597407,臺中市政府警察局,烏日分局
368,24.1360164,120.5898177,臺中市政府警察局,烏日分局
369,24.1688342,120.5790738,臺中市政府警察局,烏日分局
370,24.2100311,120.5109616,臺中市政府警察局,烏日分局
371,24.2000408803,120.5042278,臺中市政府警察局,烏日分局
372,24.3026188803,120.71179158,臺中市政府警察局,大甲分局
373,24.3437451803,120.62402348,臺中市政府警察局,大甲分局
374,24.3506467803,120.61838468,臺中市政府警察局,大甲分局
375,24.2030196803,120.58231478,臺中市政府警察局,清水分局
376,24.1442572803,120.73698798,臺中市政府警察局,太平分局
377,24.1321069803,120.72253078,臺中市政府警察局,太平分局
378,24.3257923,120.9011332,臺中市政府警察局,東勢分局
379,24.3257923,120.9011332,臺中市政府警察局,東勢分局
380,24.2701089,120.8980891,臺中市政府警察局,東勢分局
381,24.2739029,120.8160124,臺中市政府警察局,東勢分局
382,24.273359,120.8281864,臺中市政府警察局,東勢分局
383,23.4543638,120.4605661,嘉義縣警察局,中埔分局
384,23.4621309,120.4878819,嘉義縣警察局,中埔分局
385,23.4384199,120.5188833,嘉義縣警察局,中埔分局
386,23.4384199,120.5188833,嘉義縣警察局,中埔分局
387,23.4533323,120.5976172,嘉義縣警察局,中埔分局
388,23.460176,120.512312,嘉義縣警察局,中埔分局
389,23.4724901,120.6091674,嘉義縣警察局,中埔分局
390,23.4545259,120.6137401,嘉義縣警察局,中埔分局
391,23.5778124,120.4392629,嘉義縣警察局,民雄分局
392,23.6038880803,120.40453168,嘉義縣警察局,民雄分局
393,23.5026979,120.5524636,嘉義縣警察局,竹崎分局
394,23.560093,120.8240833,嘉義縣警察局,竹崎分局
395,23.4610169,120.4221673,嘉義縣警察局,水上分局
396,23.4479307,120.4241034,嘉義縣警察局,水上分局
397,23.4647918,120.499131,嘉義縣警察局,水上分局
398,23.4647918,120.499131,嘉義縣警察局,水上分局
399,23.5085641,120.3836086,嘉義縣警察局,水上分局
400,23.4505814,120.3587674,嘉義縣警察局,水上分局
401,23.4076205,120.2864571,嘉義縣警察局,布袋分局
402,23.4914444,120.294726,嘉義縣警察局,朴子分局
403,23.4914444,120.294726,嘉義縣警察局,朴子分局
404,23.4914444,120.294726,嘉義縣警察局,朴子分局
405,23.5604359,120.3009967,嘉義縣警察局,朴子分局
406,23.4806404,120.2612514,嘉義縣警察局,朴子分局
407,25.0331748,121.3323956,桃園市政府警察局,桃園分局
408,25.0331748,121.3323956,桃園市政府警察局,桃園分局
409,25.0331748,121.3323956,桃園市政府警察局,桃園分局
410,24.9905549803,121.31489398,桃園市政府警察局,桃園分局
411,24.9922308803,121.31421718,桃園市政府警察局,桃園分局
412,25.0331748,121.3323956,桃園市政府警察局,桃園分局
413,25.0089906,121.3214519,桃園市政府警察局,桃園分局
414,25.0331748,121.3323956,桃園市政府警察局,桃園分局
415,24.9954887,121.3129767,桃園市政府警察局,桃園分局
416,25.0331748,121.3323956,桃園市政府警察局,桃園分局
417,25.0331748,121.3323956,桃園市政府警察局,桃園分局
418,25.0167928,121.3299845,桃園市政府警察局,桃園分局
419,25.0331748,121.3323956,桃園市政府警察局,桃園分局
420,24.9787141,121.25110073,桃園市政府警察局,中壢分局
421,24.9755110803,121.25070198,桃園市政府警察局,中壢分局
422,24.9515986,121.2405084,桃園市政府警察局,中壢分局
423,24.9591239,121.2244603,桃園市政府警察局,中壢分局
424,25.0285002,121.2668923,桃園市政府警察局,中壢分局
425,24.9855712,121.2249616,桃園市政府警察局,中壢分局
426,24.9735884,121.26246123,桃園市政府警察局,中壢分局
427,24.9646588303,121.22294433,桃園市政府警察局,中壢分局
428,24.9685319803,121.17085588,桃園市政府警察局,中壢分局
429,24.9321509803,121.28751823,桃園市政府警察局,八德分局
430,24.9639372303,121.30380808,桃園市政府警察局,八德分局
431,24.9738737,121.309927,桃園市政府警察局,八德分局
432,24.9539018303,121.28986868,桃園市政府警察局,八德分局
433,24.9572233803,121.2989666,桃園市政府警察局,八德分局
434,24.9692256303,121.29530478,桃園市政府警察局,八德分局
435,24.9017957803,121.21239008,桃園市政府警察局,平鎮分局
436,24.9423135,121.224856,桃園市政府警察局,平鎮分局
437,24.9293189803,121.237829,桃園市政府警察局,平鎮分局
438,25.0800917,121.1687011,桃園市政府警察局,大園分局
439,25.0315368803,121.05617558,桃園市政府警察局,大園分局
440,24.9385018,121.3581869,桃園市政府警察局,大溪分局
441,24.9385018,121.3581869,桃園市政府警察局,大溪分局
442,24.8459055,121.4798128,桃園市政府警察局,大溪分局
443,24.9592191,121.1890452,桃園市政府警察局,楊梅分局
444,24.9204238,121.18726978,桃園市政府警察局,楊梅分局
445,25.002429,121.363785,桃園市政府警察局,龜山分局
446,25.0209629,121.410307,桃園市政府警察局,龜山分局
447,25.0661143,121.4121644,桃園市政府警察局,龜山分局
448,24.9917548,121.331546,桃園市政府警察局,龜山分局
449,25.0645396,121.3894973,桃園市政府警察局,龜山分局
450,25.0645396,121.3894973,桃園市政府警察局,龜山分局
451,24.8781533,121.23375878,桃園市政府警察局,龍潭分局
452,24.8763969303,121.23725403,桃園市政府警察局,龍潭分局
453,25.1219539,121.3551061,桃園市政府警察局,蘆竹分局
454,25.1219539,121.3551061,桃園市政府警察局,蘆竹分局
455,24.5986667,120.8437835,苗栗縣政府警察局,苗栗分局
456,24.5900821,120.821871,苗栗縣政府警察局,苗栗分局
457,24.5986667,120.8437835,苗栗縣政府警察局,苗栗分局
458,24.5986667,120.8437835,苗栗縣政府警察局,苗栗分局
459,24.5008087,120.8034504,苗栗縣政府警察局,苗栗分局
460,24.438124,120.8229572,苗栗縣政府警察局,苗栗分局
461,24.4690372,120.8721784,苗栗縣政府警察局,苗栗分局
462,24.5958401,120.9050315,苗栗縣政府警察局,苗栗分局
463,24.9860794,121.4656978,新北市政府警察局,土城分局
464,25.0061165,121.5053709,新北市政府警察局,中和第一、二分局
465,25.0723899,121.4940929,新北市政府警察局,三重分局
466,25.0295510303,121.4627422,新北市政府警察局,海山分局
467,25.0784788,121.4843473,新北市政府警察局,三重分局
468,25.0690061,121.47934758,新北市政府警察局,三重分局
469,25.0568823,121.492675,新北市政府警察局,三重分局
470,24.9312347,121.376632,新北市政府警察局,三峽分局
471,24.9930639,121.45032,新北市政府警察局,土城分局
472,24.970958,121.439682,新北市政府警察局,土城分局
473,24.9815343,121.4627018,新北市政府警察局,土城分局
474,24.986157,121.4646453,新北市政府警察局,土城分局
475,24.9914997,121.475691,新北市政府警察局,土城分局
476,24.9901849,121.4758508,新北市政府警察局,土城分局
477,25.0043363,121.5125754,新北市政府警察局,中和第一分局
478,25.0059089,121.5284257,新北市政府警察局,中和第一分局
479,25.0025949,121.4995276,新北市政府警察局,中和第二分局
480,25.0151068,121.5209993,新北市政府警察局,永和分局
481,25.0306542,121.4658809,新北市政府警察局,海山分局
482,25.0295311,121.462678,新北市政府警察局,海山分局
483,25.0755144,121.3763173,新北市政府警察局,新莊分局
484,25.0423684,121.4659989,新北市政府警察局,新莊分局
485,25.025539,121.4242654,新北市政府警察局,新莊分局
486,25.0061078,121.4326023,新北市政府警察局,樹林分局
487,24.9942729,121.4253471,新北市政府警察局,樹林分局
488,24.9757099,121.4017582,新北市政府警察局,樹林分局
489,25.0807893,121.4368274,新北市政府警察局,蘆洲分局
490,24.832651,120.915060,新竹市警察局,第一分局
491,24.8138497,120.9674304,新竹市警察局,第一分局
492,24.81978,120.97296860000006,新竹市警察局,第一分局
493,24.8057426803,120.97658288,新竹市警察局,第二分局
494,24.8141871803,120.97437738,新竹市警察局,第二分局
495,24.8018302303,120.9865614,新竹市警察局,第二分局
496,24.8123945,120.9813211,新竹市警察局,第二分局
497,24.8068975303,120.97186773,新竹市警察局,第二分局
498,24.8260951,121.0335449,新竹市警察局,第二分局
499,24.8037882,120.9355175,新竹市警察局,第三分局
500,24.8041001,120.9539443,新竹市警察局,第三分局
501,24.8053139,120.9254335,新竹市警察局,第三分局
502,24.7972841303,120.95429268,新竹市警察局,第三分局
503,24.8084181,120.9658915,新竹市警察局,第一分局
504,24.801390,120.960501,新竹市警察局,第一分局
505,24.807837,120.961119,新竹市警察局,第一分局
506,24.8035671,120.96897218,新竹市警察局,第三分局
507,24.0255949,121.6470748,花蓮縣警察局,花蓮分局
508,24.0255949,121.6470748,花蓮縣警察局,花蓮分局
509,23.9959154,121.60682308,花蓮縣警察局,花蓮分局
510,23.9740428,121.5877658,花蓮縣警察局,吉安分局
511,23.9395668803,121.5718141,花蓮縣警察局,吉安分局
512,23.965788,121.5811499,花蓮縣警察局,吉安分局
513,23.895579,121.5367834,花蓮縣警察局,吉安分局
514,23.8233924,121.5015467,花蓮縣警察局,吉安分局
515,23.8316131,121.5027809,花蓮縣警察局,吉安分局
516,23.6406348,121.4053678,花蓮縣警察局,鳳林分局
517,23.4972946,121.3760594,花蓮縣警察局,鳳林分局
518,24.37056,121.7714431,花蓮縣警察局,新城分局
519,24.3208892,121.7641964,花蓮縣警察局,新城分局
520,24.1136588,121.633356,花蓮縣警察局,新城分局
521,24.1566309803,121.63039998,花蓮縣警察局,新城分局
522,24.0092997803,121.61402318,花蓮縣警察局,新城分局
523,24.0095311,121.6170117,花蓮縣警察局,新城分局
524,23.494992,121.4470201,花蓮縣警察局,玉里分局
525,23.2995769,121.3786281,花蓮縣警察局,玉里分局
526,23.9568207,120.7105621,南投縣政府警察局,南投分局
527,23.9062765,120.69110798,南投縣政府警察局,南投分局
528,23.9568207,120.7105621,南投縣政府警察局,南投分局
529,23.9450485803,120.67738968,南投縣政府警察局,中興分局
530,23.9584043,120.6875363,南投縣政府警察局,中興分局
531,23.959749,120.700768,南投縣政府警察局,中興分局
532,23.9405547,120.7075911,南投縣政府警察局,中興分局
533,23.9820980303,120.68570923,南投縣政府警察局,草屯分局
534,23.9902315303,120.7017938,南投縣政府警察局,草屯分局
535,24.004754,120.8122174,南投縣政府警察局,草屯分局
536,24.0201345,120.8414322,南投縣政府警察局,草屯分局
537,24.0201345,120.8414322,南投縣政府警察局,草屯分局
538,23.859747,120.8476353,南投縣政府警察局,集集分局
539,23.859747,120.8476353,南投縣政府警察局,集集分局
540,23.8277347803,120.78622158,南投縣政府警察局,集集分局
541,23.8370840303,120.744581,南投縣政府警察局,集集分局
542,23.8343303,120.75222018,南投縣政府警察局,集集分局
543,23.8437621,120.7539194,南投縣政府警察局,集集分局
544,23.9075581,120.9369222,南投縣政府警察局,集集分局
545,23.9075581,120.9369222,南投縣政府警察局,集集分局
546,23.8275893,120.8678464,南投縣政府警察局,集集分局
547,23.9075581,120.9369222,南投縣政府警察局,集集分局
548,23.8337939803,120.86707998,南投縣政府警察局,集集分局
549,23.8455789,120.8820404,南投縣政府警察局,集集分局
550,23.9260168,120.8918674,南投縣政府警察局,集集分局
551,23.7348406,120.8784264,南投縣政府警察局,集集分局
552,23.9105168,120.9540734,南投縣政府警察局,集集分局
553,23.9105168,120.9540734,南投縣政府警察局,集集分局
554,23.9195311,120.9403084,南投縣政府警察局,集集分局
555,23.9332557,120.9949437,南投縣政府警察局,集集分局
556,23.8979928,120.9786104,南投縣政府警察局,集集分局
557,23.9239226,120.9911649,南投縣政府警察局,集集分局
558,23.8822926,120.9419132,南投縣政府警察局,集集分局
559,23.9332557,120.9949437,南投縣政府警察局,集集分局
560,23.7691504,120.7066804,南投縣政府警察局,竹山分局
561,23.7567505,120.68533,南投縣政府警察局,竹山分局
562,23.7557308,120.6865567,南投縣政府警察局,竹山分局
563,23.7609228,120.6818991,南投縣政府警察局,竹山分局
564,23.7601026,120.6851434,南投縣政府警察局,竹山分局
565,24.0532574,121.0694886,南投縣政府警察局,埔里分局
566,24.0532574,121.0694886,南投縣政府警察局,埔里分局
567,24.0532574,121.0694886,南投縣政府警察局,埔里分局
568,24.0345194,121.1276573,南投縣政府警察局,仁愛分局
569,24.2463089,121.3494752,南投縣政府警察局,仁愛分局
570,24.2463089,121.3494752,南投縣政府警察局,仁愛分局
571,24.2463089,121.3494752,南投縣政府警察局,仁愛分局
572,24.0597732,121.1150005,南投縣政府警察局,仁愛分局
573,24.2463089,121.3494752,南投縣政府警察局,仁愛分局
574,24.2463089,121.3494752,南投縣政府警察局,仁愛分局
575,24.2463089,121.3494752,南投縣政府警察局,仁愛分局
576,24.2463089,121.3494752,南投縣政府警察局,仁愛分局
577,24.2463089,121.3494752,南投縣政府警察局,仁愛分局
578,24.2463089,121.3494752,南投縣政府警察局,仁愛分局
579,24.2463089,121.3494752,南投縣政府警察局,仁愛分局
580,24.2463089,121.3494752,南投縣政府警察局,仁愛分局
581,24.2463089,121.3494752,南投縣政府警察局,仁愛分局
582,24.2463089,121.3494752,南投縣政府警察局,仁愛分局
583,24.0805663,120.9687054,南投縣政府警察局,仁愛分局
584,24.2463089,121.3494752,南投縣政府警察局,仁愛分局
585,24.2463089,121.3494752,南投縣政府警察局,仁愛分局
586,24.2463089,121.3494752,南投縣政府警察局,仁愛分局
587,24.2463089,121.3494752,南投縣政府警察局,仁愛分局
588,24.2463089,121.3494752,南投縣政府警察局,仁愛分局
589,23.8184559,120.8595681,南投縣政府警察局,信義分局
